n,C3_baseline,C4_baseline,C3_box6,C4_box6,C3_N128,C4_N128,C3_ring075_box6_N128,C4_ring075_box6_N128,dC3_box6,dC4_box6,dC3_N128,dC4_N128,dC3_ring075_box6_N128,dC4_ring075_box6_N128
0.5,49.16816098868144,1461.5828054117253,50.074936339109634,1488.7739546809985,50.04824779629595,1491.293961587123,154.16399678113373,11026.75064280274,0.018442327965793384,0.018603906100012915,0.017899526643209363,0.020328069039528784,2.135443622075319,6.544389959962976
1.0,54.92297427789682,2598.238035736803,56.377307742645286,2696.7890519191624,55.87098430576763,2643.798618497665,172.34550052482854,19604.009295225955,0.02647951033004684,0.03792994130132215,0.017260719040343826,0.017535184280350967,2.1379491513478937,6.545116738954478
1.5,59.30859594006349,5112.82298032309,60.90953519868008,5201.15604435436,60.32258782656032,5208.2284810444335,185.76344910031403,38496.029522575314,0.026993376478419425,0.017276769481600295,0.01709687896711565,0.01866004379351989,2.1321505113364037,6.529310064269558
