n,R_star,R_ring,L,N,C3,C4,ratio
0.5,0.3,0.6,5.0,96,49.16816098868144,1461.5828054117253,29.726204438441027
1.0,0.3,0.6,5.0,96,54.92297427789682,2598.238035736803,47.306943403872374
1.5,0.3,0.6,5.0,96,59.30859594006349,5112.82298032309,86.20711549958193
