n,R_star,R_ring,L,N,C3,C4,ratio
0.5,0.3,0.6,5.0,128,50.04824779629595,1491.293961587123,29.797126318126427
1.0,0.3,0.6,5.0,128,55.87098430576763,2643.798618497665,47.31970720309544
1.5,0.3,0.6,5.0,128,60.322587826560316,5208.2284810444335,86.33960625195901
