n,R_star,R_ring,L,N,C3,C4,ratio
0.5,0.3,0.6,6.0,96,50.074936339109634,1488.7739546809985,29.730920566707404
1.0,0.3,0.6,6.0,96,56.377307742645286,2696.7890519191624,47.834654755591316
1.5,0.3,0.6,6.0,96,60.909535198680075,5201.15604435436,85.39149128931574
